category,link
main-courses,https://healthyfitnessmeals.com/balsamic-and-pesto-grilled-chicken/
main-courses,https://healthyfitnessmeals.com/indian-chicken-curry-recipe/
main-courses,https://healthyfitnessmeals.com/easy-chicken-chili/
main-courses,https://healthyfitnessmeals.com/philly-cheese-steak-recipe/
side-dishes,https://healthyfitnessmeals.com/air-fryer-broccoli/
snacks,https://healthyfitnessmeals.com/healthy-edible-chocolate-chip-cookie-dough/
main-courses,https://healthyfitnessmeals.com/chipotle-chicken-skillet/
desserts,https://healthyfitnessmeals.com/keto-chocolate-mousse/
snacks,https://healthyfitnessmeals.com/no-bake-birthday-cake-protein-bites/
snacks,https://healthyfitnessmeals.com/peanut-butter-yogurt-dip/
desserts,https://healthyfitnessmeals.com/healthy-maple-glazed-pumpkin-cookies/
main-courses,https://healthyfitnessmeals.com/garlic-shrimp-pasta/
main-courses,https://healthyfitnessmeals.com/stuffed-zucchini-boats/
desserts,https://healthyfitnessmeals.com/peanut-butter-cookie-dough-balls/
side-dishes,https://healthyfitnessmeals.com/cheeseburger-sliders/
drinks,https://healthyfitnessmeals.com/creamy-chicken-enchilada-soup/
snacks,https://healthyfitnessmeals.com/no-bake-brownie-protein-bites/
main-courses,https://healthyfitnessmeals.com/shish-tawook/
desserts,https://healthyfitnessmeals.com/peanut-butter-banana-muffins/
snacks,https://healthyfitnessmeals.com/crockpot-spinach-artichoke-dip/
snacks,https://healthyfitnessmeals.com/baked-oatmeal-protein-muffins/
desserts,https://healthyfitnessmeals.com/energy-bites/
desserts,https://healthyfitnessmeals.com/healthy-red-velvet-cupcakes/
snacks,https://healthyfitnessmeals.com/healthy-banana-oatmeal-cookies/
snacks,https://healthyfitnessmeals.com/lemon-poppy-seed-zucchini-bread/
main-courses,https://healthyfitnessmeals.com/easy-chicken-quesadilla/
main-courses,https://healthyfitnessmeals.com/creamy-garlic-chicken-breast-skillet/
main-courses,https://healthyfitnessmeals.com/mexican-grilled-chicken-salad/
desserts,https://healthyfitnessmeals.com/creamy-chicken-enchilada-soup/
side-dishes,https://healthyfitnessmeals.com/twice-baked-sweet-potatoes/
snacks,https://healthyfitnessmeals.com/peanut-butter-keto-cookies/
desserts,https://healthyfitnessmeals.com/chocolate-chip-pumpkin-bread-recipe/
side-dishes,https://healthyfitnessmeals.com/chickpea-feta-salad/
snacks,https://healthyfitnessmeals.com/air-fryer-cauliflower-wings/
side-dishes,https://healthyfitnessmeals.com/homemade-coleslaw-salad/
side-dishes,https://healthyfitnessmeals.com/greek-chickpea-salad/
main-courses,https://healthyfitnessmeals.com/loaded-harvest-quinoa-salad/
desserts,https://healthyfitnessmeals.com/vegan-strawberry-popsicles/
main-courses,https://healthyfitnessmeals.com/chicken-parmesan-meatballs/
desserts,https://healthyfitnessmeals.com/healthy-edible-chocolate-chip-cookie-dough/
desserts,https://healthyfitnessmeals.com/no-bake-birthday-cake-protein-bites/
desserts,https://healthyfitnessmeals.com/easy-chocolate-mug-cake/
main-courses,https://healthyfitnessmeals.com/taco-stuffed-chicken-breast/
snacks,https://healthyfitnessmeals.com/keto-chocolate-cake-balls/
side-dishes,https://healthyfitnessmeals.com/cheesy-baked-broccoli/
side-dishes,https://healthyfitnessmeals.com/salmon-pasta-salad/
main-courses,https://healthyfitnessmeals.com/crispy-chicken-breast/
snacks,https://healthyfitnessmeals.com/no-bake-chocolate-oat-bars/
main-courses,https://healthyfitnessmeals.com/creamy-lemon-pepper-chicken/
desserts,https://healthyfitnessmeals.com/no-bake-brownie-protein-bites/
snacks,https://healthyfitnessmeals.com/blackberry-protein-popsicles/
desserts,https://healthyfitnessmeals.com/baked-oatmeal-protein-muffins/
side-dishes,https://healthyfitnessmeals.com/summer-corn-salad/
snacks,https://healthyfitnessmeals.com/how-to-cut-an-apple/
desserts,https://healthyfitnessmeals.com/blueberry-banana-bread/
desserts,https://healthyfitnessmeals.com/healthy-banana-oatmeal-cookies/
desserts,https://healthyfitnessmeals.com/lemon-poppy-seed-zucchini-bread/
side-dishes,https://healthyfitnessmeals.com/greek-baked-beans/
main-courses,https://healthyfitnessmeals.com/easy-steak-fajita-recipe/
desserts,https://healthyfitnessmeals.com/apple-cinnamon-muffins/
desserts,https://healthyfitnessmeals.com/peanut-butter-keto-cookies/
snacks,https://healthyfitnessmeals.com/no-bake-chocolate-oatmeal-cookies/
main-courses,https://healthyfitnessmeals.com/zesty-shrimp-avocado-salad/
side-dishes,https://healthyfitnessmeals.com/spinach-and-artichoke-dip/
snacks,https://healthyfitnessmeals.com/peanut-butter-oatmeal-cookies/
snacks,https://healthyfitnessmeals.com/healthier-pumpkin-muffins/
main-courses,https://healthyfitnessmeals.com/baked-potato-wedges/
snacks,https://healthyfitnessmeals.com/baked-keto-zucchini-fries/
desserts,https://healthyfitnessmeals.com/skinny-chocolate-zucchini-muffins/
desserts,https://healthyfitnessmeals.com/mini-chocolate-bundt-cakes/
side-dishes,https://healthyfitnessmeals.com/cilantro-lime-shrimp-recipe/
side-dishes,https://healthyfitnessmeals.com/oven-roasted-cauliflower/
desserts,https://healthyfitnessmeals.com/banana-protein-donuts/
side-dishes,https://healthyfitnessmeals.com/garlic-butter-hasselback-potatoes/
side-dishes,https://healthyfitnessmeals.com/healthy-asparagus-soup/
desserts,https://healthyfitnessmeals.com/keto-chocolate-cake-balls/
snacks,https://healthyfitnessmeals.com/air-fried-buffalo-chicken-wings/
main-courses,https://healthyfitnessmeals.com/chicken-tikka-masala-recipe/
desserts,https://healthyfitnessmeals.com/cookie-dough-bars/
desserts,https://healthyfitnessmeals.com/no-bake-chocolate-oat-bars/
snacks,https://healthyfitnessmeals.com/chocolate-bark/
desserts,https://healthyfitnessmeals.com/blackberry-protein-popsicles/
side-dishes,https://healthyfitnessmeals.com/healthy-tuna-salad/
desserts,https://healthyfitnessmeals.com/no-bake-peanut-butter-bars/
desserts,https://healthyfitnessmeals.com/healthy-chocolate-chia-pudding/
side-dishes,https://healthyfitnessmeals.com/slow-cooker-southwest-turkey-chili/
side-dishes,https://healthyfitnessmeals.com/shrimp-pasta-salad/
desserts,https://healthyfitnessmeals.com/banana-ice-cream-recipe/
side-dishes,https://healthyfitnessmeals.com/broccoli-cauliflower-salad/
side-dishes,https://healthyfitnessmeals.com/mexican-corn-soup/
desserts,https://healthyfitnessmeals.com/no-bake-chocolate-oatmeal-cookies/
desserts,https://healthyfitnessmeals.com/peanut-butter-oatmeal-cookies/
desserts,https://healthyfitnessmeals.com/healthier-pumpkin-muffins/
snacks,https://healthyfitnessmeals.com/chicken-enchilada-casserole/
desserts,https://healthyfitnessmeals.com/healthy-no-bake-buckeye-balls/
desserts,https://healthyfitnessmeals.com/baked-apples-recipe/
side-dishes,https://healthyfitnessmeals.com/roasted-cauliflower-soup/
main-courses,https://healthyfitnessmeals.com/chicken-carbonara-recipe/
side-dishes,https://healthyfitnessmeals.com/homemade-thanksgiving-stuffing/
main-courses,https://healthyfitnessmeals.com/grilled-bbq-chicken-breast/
desserts,https://healthyfitnessmeals.com/apple-cider-donuts/
side-dishes,https://healthyfitnessmeals.com/healthy-eggplant-zucchini-gratin/
snacks,https://healthyfitnessmeals.com/air-fryer-zucchini-chips/
main-courses,https://healthyfitnessmeals.com/easy-keto-shrimp/
main-courses,https://healthyfitnessmeals.com/easy-pesto-shrimp/
main-courses,https://healthyfitnessmeals.com/ground-turkey-chili/
main-courses,https://healthyfitnessmeals.com/baked-macaroni-and-cheese/
main-courses,https://healthyfitnessmeals.com/slow-cooker-southwest-turkey-chili/
side-dishes,https://healthyfitnessmeals.com/summer-avocado-cucumber-tomato-salad/
main-courses,https://healthyfitnessmeals.com/cajun-chicken-pasta/
snacks,https://healthyfitnessmeals.com/no-bake-monster-cookie-energy-bites/
side-dishes,https://healthyfitnessmeals.com/easy-stuffed-pepper-soup/
main-courses,https://healthyfitnessmeals.com/avocado-chickpea-tuna-salad/
side-dishes,https://healthyfitnessmeals.com/crispy-smashed-potatoes/
main-courses,https://healthyfitnessmeals.com/chicken-caprese-salad/
main-courses,https://healthyfitnessmeals.com/italian-stuffed-chicken-breast/
side-dishes,https://healthyfitnessmeals.com/italian-turkey-meatballs/
desserts,https://healthyfitnessmeals.com/chocolate-bark/
main-courses,https://healthyfitnessmeals.com/cucumber-onion-salad-recipe/
side-dishes,https://healthyfitnessmeals.com/keto-tuna-salad/
side-dishes,https://healthyfitnessmeals.com/easy-maple-roasted-carrots/
drinks,https://healthyfitnessmeals.com/chicken-enchilada-casserole/
main-courses,https://healthyfitnessmeals.com/sheet-pan-chicken-recipe/
snacks,https://healthyfitnessmeals.com/mixed-berry-fruit-salad/
main-courses,https://healthyfitnessmeals.com/easy-shrimp-fettuccine-alfredo/
desserts,https://healthyfitnessmeals.com/healthy-oatmeal-bars/
side-dishes,https://healthyfitnessmeals.com/whole-roasted-cauliflower/
snacks,https://healthyfitnessmeals.com/date-energy-balls/
side-dishes,https://healthyfitnessmeals.com/homemade-pesto-sauce/
snacks,https://healthyfitnessmeals.com/apple-pie-chia-pudding-recipe/
main-courses,https://healthyfitnessmeals.com/chicken-parmesan-pasta/
side-dishes,https://healthyfitnessmeals.com/cilantro-lime-cauliflower-rice/
snacks,https://healthyfitnessmeals.com/pumpkin-oatmeal-cookies/
desserts,https://healthyfitnessmeals.com/chicken-enchilada-casserole/
main-courses,https://healthyfitnessmeals.com/sheet-pan-chicken-and-veggies/
side-dishes,https://healthyfitnessmeals.com/butternut-squash-casserole/
side-dishes,https://healthyfitnessmeals.com/shrimp-ceviche/
side-dishes,https://healthyfitnessmeals.com/peanut-butter-yogurt-dip/
main-courses,https://healthyfitnessmeals.com/easy-honey-glazed-salmon/
main-courses,https://healthyfitnessmeals.com/honey-mustard-grilled-chicken-arugula-salad/
snacks,https://healthyfitnessmeals.com/chocolate-fruit-dip/
snacks,https://healthyfitnessmeals.com/oven-baked-chicken-wings/
snacks,https://healthyfitnessmeals.com/easy-cookie-dough-fudge-recipe/
side-dishes,https://healthyfitnessmeals.com/easy-hamburger-soup/
main-courses,https://healthyfitnessmeals.com/how-to-cut-an-eggplant/
main-courses,https://healthyfitnessmeals.com/teriyaki-chicken-stir-fry/
side-dishes,https://healthyfitnessmeals.com/caprese-salad-recipe/
side-dishes,https://healthyfitnessmeals.com/watermelon-feta-salad/
side-dishes,https://healthyfitnessmeals.com/crispy-tuna-patties/
side-dishes,https://healthyfitnessmeals.com/roasted-smoked-sweet-potatoes/
main-courses,https://healthyfitnessmeals.com/vegetarian-burrito-bowl/
desserts,https://healthyfitnessmeals.com/apple-cinnamon-bread/
side-dishes,https://healthyfitnessmeals.com/cucumber-avocado-feta-salad/
main-courses,https://healthyfitnessmeals.com/grilled-salmon-recipe/
side-dishes,https://healthyfitnessmeals.com/easy-healthy-egg-salad/
desserts,https://healthyfitnessmeals.com/mixed-berry-fruit-salad/
side-dishes,https://healthyfitnessmeals.com/vegan-sweet-potato-nachos/
desserts,https://healthyfitnessmeals.com/date-energy-balls/
main-courses,https://healthyfitnessmeals.com/kung-pao-shrimp/
side-dishes,https://healthyfitnessmeals.com/vegan-thai-sweet-potato-soup/
desserts,https://healthyfitnessmeals.com/peanut-butter-truffles/
desserts,https://healthyfitnessmeals.com/pumpkin-oatmeal-cookies/
main-courses,https://healthyfitnessmeals.com/caprese-salad-recipe/
side-dishes,https://healthyfitnessmeals.com/vegan-lentil-soup/
side-dishes,https://healthyfitnessmeals.com/healthy-shrimp-salad/
snacks,https://healthyfitnessmeals.com/cranberry-almond-breakfast-cookies/
main-courses,https://healthyfitnessmeals.com/shrimp-pesto-pasta/
main-courses,https://healthyfitnessmeals.com/chicken-spinach-pasta/
snacks,https://healthyfitnessmeals.com/banana-oatmeal-muffins/
main-courses,https://healthyfitnessmeals.com/shrimp-cauliflower-fried-rice/
desserts,https://healthyfitnessmeals.com/chocolate-fruit-dip/
desserts,https://healthyfitnessmeals.com/easy-cookie-dough-fudge-recipe/
side-dishes,https://healthyfitnessmeals.com/asian-chopped-chicken-salad/
side-dishes,https://healthyfitnessmeals.com/whole-wheat-bread/
main-courses,https://healthyfitnessmeals.com/chicken-caesar-pasta-salad/
drinks,https://healthyfitnessmeals.com/pineapple-kale-smoothie/
main-courses,https://healthyfitnessmeals.com/grilled-chicken-kafta/
snacks,https://healthyfitnessmeals.com/roasted-pepper-hummus/
main-courses,https://healthyfitnessmeals.com/mediterranean-chicken-skillet/
drinks,https://healthyfitnessmeals.com/homemade-beef-stew/
desserts,https://healthyfitnessmeals.com/baked-oatmeal-recipe/
main-courses,https://healthyfitnessmeals.com/oven-baked-salmon-potatoes-and-veggies/
side-dishes,https://healthyfitnessmeals.com/hawaiian-shrimp-lettuce-wraps/
side-dishes,https://healthyfitnessmeals.com/baked-apples-recipe/
desserts,https://healthyfitnessmeals.com/homemade-beef-stew/
side-dishes,https://healthyfitnessmeals.com/crispy-oven-baked-asparagus/
main-courses,https://healthyfitnessmeals.com/chicken-cauliflower-fried-rice/
side-dishes,https://healthyfitnessmeals.com/roasted-beet-salad/
side-dishes,https://healthyfitnessmeals.com/baked-keto-zucchini-fries/
desserts,https://healthyfitnessmeals.com/paleo-chocolate-chip-pumpkin-bars/
side-dishes,https://healthyfitnessmeals.com/quinoa-tabbouleh-salad-recipe/
side-dishes,https://healthyfitnessmeals.com/tomato-bruschetta-bread/
desserts,https://healthyfitnessmeals.com/peanut-butter-protein-hearts/
desserts,https://healthyfitnessmeals.com/peanut-butter-jelly-cups/
snacks,https://healthyfitnessmeals.com/buffalo-cauliflower-bites/
side-dishes,https://healthyfitnessmeals.com/mango-black-bean-salad-recipe/
snacks,https://healthyfitnessmeals.com/easy-peanut-butter-cookies/
main-courses,https://healthyfitnessmeals.com/pan-seared-honey-balsamic-salmon/
desserts,https://healthyfitnessmeals.com/healthy-blueberry-muffins/
main-courses,https://healthyfitnessmeals.com/work-with-me/
main-courses,https://healthyfitnessmeals.com/easy-shrimp-fajitas/
snacks,https://healthyfitnessmeals.com/healthy-chocolate-chip-zucchini-bread/
desserts,https://healthyfitnessmeals.com/cranberry-almond-breakfast-cookies/
side-dishes,https://healthyfitnessmeals.com/thai-peanut-salad/
side-dishes,https://healthyfitnessmeals.com/air-fried-buffalo-chicken-wings/
desserts,https://healthyfitnessmeals.com/banana-oatmeal-muffins/
main-courses,https://healthyfitnessmeals.com/crispy-baked-chicken-thighs/
main-courses,https://healthyfitnessmeals.com/cheesy-cauliflower-bake/
side-dishes,https://healthyfitnessmeals.com/spinach-and-avocado-pasta-recipe/
side-dishes,https://healthyfitnessmeals.com/baked-maple-glazed-salmon/
desserts,https://healthyfitnessmeals.com/apple-walnut-bread/
main-courses,https://healthyfitnessmeals.com/chicken-avocado-ranch-burrito/
main-courses,https://healthyfitnessmeals.com/grilled-chicken-breast-recipe/
side-dishes,https://healthyfitnessmeals.com/mexican-stuffed-sweet-potatoes/
main-courses,https://healthyfitnessmeals.com/chicken-and-broccoli-stir-fry/
main-courses,https://healthyfitnessmeals.com/baked-tomato-feta-pasta/
desserts,https://healthyfitnessmeals.com/easy-watermelon-fries/
side-dishes,https://healthyfitnessmeals.com/how-to-cut-a-potato-into-home-fries/
side-dishes,https://healthyfitnessmeals.com/mediterranean-quinoa-salad-recipe/
side-dishes,https://healthyfitnessmeals.com/oven-roasted-butternut-squash/
main-courses,https://healthyfitnessmeals.com/healthy-grilled-shrimp-salad/
main-courses,https://healthyfitnessmeals.com/white-bean-chili/
snacks,https://healthyfitnessmeals.com/baked-zucchini-chips/
main-courses,https://healthyfitnessmeals.com/taco-casserole-recipe/
side-dishes,https://healthyfitnessmeals.com/oven-fried-chicken-tenders/
side-dishes,https://healthyfitnessmeals.com/avocado-tomato-salad/
drinks,https://healthyfitnessmeals.com/mocha-protein-shake/
desserts,https://healthyfitnessmeals.com/keto-almond-butter-cups/
desserts,https://healthyfitnessmeals.com/gluten-free-lemon-bars/
main-courses,https://healthyfitnessmeals.com/air-fried-buffalo-chicken-wings/
side-dishes,https://healthyfitnessmeals.com/air-fryer-zucchini-chips/
desserts,https://healthyfitnessmeals.com/blueberry-scones/
main-courses,https://healthyfitnessmeals.com/baked-teriyaki-chicken-breast/
drinks,https://healthyfitnessmeals.com/pumpkin-pie-protein-shake/
main-courses,https://healthyfitnessmeals.com/baked-maple-glazed-salmon/
snacks,https://healthyfitnessmeals.com/keto-buffalo-cauliflower-bites/
main-courses,https://healthyfitnessmeals.com/slow-cooker-pulled-chicken/
desserts,https://healthyfitnessmeals.com/easy-peanut-butter-cookies/
side-dishes,https://healthyfitnessmeals.com/homemade-baba-ganoush/
main-courses,https://healthyfitnessmeals.com/baked-honey-lemon-chicken/
snacks,https://healthyfitnessmeals.com/no-bake-protein-energy-bites/
desserts,https://healthyfitnessmeals.com/healthy-chocolate-chip-zucchini-bread/
side-dishes,https://healthyfitnessmeals.com/zucchini-fritters/
desserts,https://healthyfitnessmeals.com/cranberry-orange-bread/
desserts,https://healthyfitnessmeals.com/pumpkin-pie-protein-shake/
side-dishes,https://healthyfitnessmeals.com/oven-roasted-veggies/
main-courses,https://healthyfitnessmeals.com/chicken-enchilada-pasta/
main-courses,https://healthyfitnessmeals.com/lemon-dill-salmon-skewers/
side-dishes,https://healthyfitnessmeals.com/cauliflower-potato-salad/
main-courses,https://healthyfitnessmeals.com/jerk-chicken-recipe/
side-dishes,https://healthyfitnessmeals.com/easy-vegetarian-chili/
main-courses,https://healthyfitnessmeals.com/sheet-pan-steak-kale-pesto/
desserts,https://healthyfitnessmeals.com/healthy-lemon-loaf/
side-dishes,https://healthyfitnessmeals.com/garlic-butter-mashed-cauliflower/
side-dishes,https://healthyfitnessmeals.com/healthy-sweet-potato-casserole/
drinks,https://healthyfitnessmeals.com/strawberries-and-cream-smoothie/
snacks,https://healthyfitnessmeals.com/vegan-sweet-potato-nachos/
side-dishes,https://healthyfitnessmeals.com/easy-mustard-potato-salad/
snacks,https://healthyfitnessmeals.com/coconut-chia-pudding/
snacks,https://healthyfitnessmeals.com/healthy-blueberry-breakfast-bars/
side-dishes,https://healthyfitnessmeals.com/mexican-street-corn-salad/
desserts,https://healthyfitnessmeals.com/strawberries-and-cream-smoothie/
side-dishes,https://healthyfitnessmeals.com/oven-baked-chicken-wings/
main-courses,https://healthyfitnessmeals.com/stuffed-chicken-breast-recipe/
desserts,https://healthyfitnessmeals.com/chocolate-mug-cake/
main-courses,https://healthyfitnessmeals.com/creamy-chicken-tortilla-soup/
side-dishes,https://healthyfitnessmeals.com/skinny-turkey-gravy-recipe/
main-courses,https://healthyfitnessmeals.com/grilled-chimichurri-chicken/
desserts,https://healthyfitnessmeals.com/no-bake-protein-energy-bites/
main-courses,https://healthyfitnessmeals.com/chicken-caprese/
side-dishes,https://healthyfitnessmeals.com/parmesan-oven-baked-asparagus/
side-dishes,https://healthyfitnessmeals.com/sweet-and-spicy-baked-cauliflower/
snacks,https://healthyfitnessmeals.com/cheesy-potato-casserole/
side-dishes,https://healthyfitnessmeals.com/homemade-vegetable-soup/
desserts,https://healthyfitnessmeals.com/cookies-and-cream-ice-cream/
main-courses,https://healthyfitnessmeals.com/grilled-chicken-wraps/
desserts,https://healthyfitnessmeals.com/vegan-banana-bread/
main-courses,https://healthyfitnessmeals.com/tuscan-stuffed-chicken-breast/
snacks,https://healthyfitnessmeals.com/homemade-protein-bars/
side-dishes,https://healthyfitnessmeals.com/greek-pasta-salad/
desserts,https://healthyfitnessmeals.com/coconut-chia-pudding/
snacks,https://healthyfitnessmeals.com/protein-peanut-butter-cups/
desserts,https://healthyfitnessmeals.com/healthy-blueberry-breakfast-bars/
side-dishes,https://healthyfitnessmeals.com/easy-potatoes-au-gratin/
side-dishes,https://healthyfitnessmeals.com/healthy-broccoli-casserole/
drinks,https://healthyfitnessmeals.com/cheesy-potato-casserole/
main-courses,https://healthyfitnessmeals.com/enchilada-stuffed-zucchini-boats/
snacks,https://healthyfitnessmeals.com/baked-brie-recipe/
desserts,https://healthyfitnessmeals.com/galette-recipe/
side-dishes,https://healthyfitnessmeals.com/roasted-pepper-hummus/
desserts,https://healthyfitnessmeals.com/lemon-poppy-seed-muffins/
drinks,https://healthyfitnessmeals.com/how-to-make-almond-milk/
snacks,https://healthyfitnessmeals.com/healthy-oatmeal-bars/
desserts,https://healthyfitnessmeals.com/cheesy-potato-casserole/
side-dishes,https://healthyfitnessmeals.com/cilantro-lime-pasta-salad-recipe/
side-dishes,https://healthyfitnessmeals.com/garlic-red-potatoes/
snacks,https://healthyfitnessmeals.com/how-to-cut-a-potato-into-home-fries/
snacks,https://healthyfitnessmeals.com/strawberry-chia-seed-pudding/
side-dishes,https://healthyfitnessmeals.com/healthy-green-bean-casserole/
desserts,https://healthyfitnessmeals.com/keto-chocolate-cookies/
side-dishes,https://healthyfitnessmeals.com/roasted-sweet-potatoes/
side-dishes,https://healthyfitnessmeals.com/air-fryer-zucchini-fries/
desserts,https://healthyfitnessmeals.com/keto-chocolate-cupcakes/
main-courses,https://healthyfitnessmeals.com/easy-chicken-fajita-recipe/
desserts,https://healthyfitnessmeals.com/healthy-banana-bread-recipe/
side-dishes,https://healthyfitnessmeals.com/buffalo-cauliflower-bites/
side-dishes,https://healthyfitnessmeals.com/white-bean-and-kale-soup/
desserts,https://healthyfitnessmeals.com/homemade-protein-bars/
desserts,https://healthyfitnessmeals.com/protein-peanut-butter-cups/
side-dishes,https://healthyfitnessmeals.com/baked-zucchini-fries/
main-courses,https://healthyfitnessmeals.com/shrimp-burrito-bowl/
desserts,https://healthyfitnessmeals.com/cinnamon-sugar-pumpkin-donuts/
main-courses,https://healthyfitnessmeals.com/greek-chicken-bowl/
main-courses,https://healthyfitnessmeals.com/garlic-red-potatoes/
snacks,https://healthyfitnessmeals.com/easy-fruit-salad-recipe/
main-courses,https://healthyfitnessmeals.com/mexican-corn-soup/
desserts,https://healthyfitnessmeals.com/easy-banana-nut-bread/
desserts,https://healthyfitnessmeals.com/chocolate-keto-brownies/
main-courses,https://healthyfitnessmeals.com/buffalo-chicken-bake/
side-dishes,https://healthyfitnessmeals.com/easy-zucchini-casserole/
main-courses,https://healthyfitnessmeals.com/healthy-green-bean-casserole/
snacks,https://healthyfitnessmeals.com/zucchini-fritters/
side-dishes,https://healthyfitnessmeals.com/vegetable-beef-soup/
side-dishes,https://healthyfitnessmeals.com/homemade-cowboy-queso-dip/
desserts,https://healthyfitnessmeals.com/pumpkin-baked-oatmeal/
side-dishes,https://healthyfitnessmeals.com/chicken-lemon-rice-soup/
side-dishes,https://healthyfitnessmeals.com/white-chicken-chili-recipe/
snacks,https://healthyfitnessmeals.com/homemade-protein-granola/
main-courses,https://healthyfitnessmeals.com/chickpea-avocado-sandwich/
main-courses,https://healthyfitnessmeals.com/grilled-greek-chicken-kabobs/
side-dishes,https://healthyfitnessmeals.com/healthy-mashed-potatoes/
snacks,https://healthyfitnessmeals.com/easy-guacamole-recipe/
side-dishes,https://healthyfitnessmeals.com/tabbouleh-salad/
side-dishes,https://healthyfitnessmeals.com/baked-zucchini-chips/
side-dishes,https://healthyfitnessmeals.com/easy-three-beans-salad-recipe/
snacks,https://healthyfitnessmeals.com/asian-cucumber-salad/
side-dishes,https://healthyfitnessmeals.com/roasted-butternut-squash-soup/
side-dishes,https://healthyfitnessmeals.com/easy-salmon-patties/
main-courses,https://healthyfitnessmeals.com/spinach-feta-turkey-burgers/
snacks,https://healthyfitnessmeals.com/roasted-cilantro-chickpeas-recipe/
side-dishes,https://healthyfitnessmeals.com/healthy-chicken-salad-recipe/
snacks,https://healthyfitnessmeals.com/crispy-baked-greek-potato-wedges/
side-dishes,https://healthyfitnessmeals.com/roasted-honey-glazed-carrots/
side-dishes,https://healthyfitnessmeals.com/one-pot-cheesy-creamed-corn/
drinks,https://healthyfitnessmeals.com/berry-coconut-smoothie-bowl/
side-dishes,https://healthyfitnessmeals.com/healthy-white-bean-tuna-salad/
desserts,https://healthyfitnessmeals.com/chocolate-peanut-butter-fudge/
side-dishes,https://healthyfitnessmeals.com/keto-buffalo-cauliflower-bites/
snacks,https://healthyfitnessmeals.com/how-to-make-breadcrumbs/
main-courses,https://healthyfitnessmeals.com/easy-maple-roasted-carrots/
side-dishes,https://healthyfitnessmeals.com/greek-quinoa-salad-bowl/
side-dishes,https://healthyfitnessmeals.com/green-beans-tomato-salad/
desserts,https://healthyfitnessmeals.com/blueberry-baked-oatmeal/
side-dishes,https://healthyfitnessmeals.com/hasselback-butternut-squash/
desserts,https://healthyfitnessmeals.com/easy-fruit-salad-recipe/
main-courses,https://healthyfitnessmeals.com/baked-boneless-chicken-thighs/
side-dishes,https://healthyfitnessmeals.com/easy-cheese-ball/
main-courses,https://healthyfitnessmeals.com/healthy-chicken-taco-salad/
main-courses,https://healthyfitnessmeals.com/easy-chicken-souvlaki/
desserts,https://healthyfitnessmeals.com/keto-peanut-butter-fudge/
side-dishes,https://healthyfitnessmeals.com/cucumber-and-tomato-salad/
drinks,https://healthyfitnessmeals.com/blueberry-banana-smoothie/
snacks,https://healthyfitnessmeals.com/jam-filled-shortbread-cookies/
snacks,https://healthyfitnessmeals.com/asparagus-stuffed-chicken-breast/
main-courses,https://healthyfitnessmeals.com/oven-baked-salmon/
desserts,https://healthyfitnessmeals.com/homemade-protein-granola/
snacks,https://healthyfitnessmeals.com/homemade-beef-stew/
main-courses,https://healthyfitnessmeals.com/fish-taco-salad-bowl-recipe/
drinks,https://healthyfitnessmeals.com/how-to-make-breadcrumbs/
main-courses,https://healthyfitnessmeals.com/creamy-balsamic-chicken/
desserts,https://healthyfitnessmeals.com/flourless-peanut-butter-chocolate-chip-protein-cookies/
side-dishes,https://healthyfitnessmeals.com/mediterranean-pasta-salad/
side-dishes,https://healthyfitnessmeals.com/bell-pepper-nachos/
desserts,https://healthyfitnessmeals.com/healthy-chocolate-chip-pumpkin-cookies/
side-dishes,https://healthyfitnessmeals.com/italian-chicken-veggie-soup/
desserts,https://healthyfitnessmeals.com/how-to-make-breadcrumbs/
snacks,https://healthyfitnessmeals.com/vegan-avocado-chocolate-truffles/
desserts,https://healthyfitnessmeals.com/chocolate-chip-baked-oats/
side-dishes,https://healthyfitnessmeals.com/chicken-avocado-corn-salad/
side-dishes,https://healthyfitnessmeals.com/thai-peanut-dressing/
drinks,https://healthyfitnessmeals.com/asparagus-stuffed-chicken-breast/
main-courses,https://healthyfitnessmeals.com/mediterranean-baked-salmon/
main-courses,https://healthyfitnessmeals.com/stuffed-bell-peppers/
side-dishes,https://healthyfitnessmeals.com/creamy-sauteed-mushroom-recipe/
main-courses,https://healthyfitnessmeals.com/creamy-chicken-spinach/
main-courses,https://healthyfitnessmeals.com/honey-garlic-salmon/
side-dishes,https://healthyfitnessmeals.com/cheesy-potato-casserole/
main-courses,https://healthyfitnessmeals.com/grilled-italian-chicken-breast-recipe/
snacks,https://healthyfitnessmeals.com/easy-watermelon-fries/
snacks,https://healthyfitnessmeals.com/easy-apple-muffins/
side-dishes,https://healthyfitnessmeals.com/keto-avocado-deviled-eggs/
desserts,https://healthyfitnessmeals.com/jam-filled-shortbread-cookies/
desserts,https://healthyfitnessmeals.com/asparagus-stuffed-chicken-breast/
desserts,https://healthyfitnessmeals.com/healthy-zucchini-muffins/
side-dishes,https://healthyfitnessmeals.com/spaghetti-meat-sauce/
snacks,https://healthyfitnessmeals.com/meal-prep-paleo-waffle-recipe/
main-courses,https://healthyfitnessmeals.com/baked-eggplant-parmesan/
main-courses,https://healthyfitnessmeals.com/easy-chickeni-stir-fry/
side-dishes,https://healthyfitnessmeals.com/grilled-cauliflower-steaks/
snacks,https://healthyfitnessmeals.com/healthy-mexican-street-corn/
side-dishes,https://healthyfitnessmeals.com/tuna-macaroni-salad/
main-courses,https://healthyfitnessmeals.com/teriyaki-chicken-meal-prep-bowls-recipe/
desserts,https://healthyfitnessmeals.com/chocolate-banana-muffins/
desserts,https://healthyfitnessmeals.com/vegan-avocado-chocolate-truffles/
main-courses,https://healthyfitnessmeals.com/honey-lime-salmon/
side-dishes,https://healthyfitnessmeals.com/garlic-brussel-sprouts/
side-dishes,https://healthyfitnessmeals.com/chicken-fried-rice/
desserts,https://healthyfitnessmeals.com/chocolate-zucchini-bread/
main-courses,https://healthyfitnessmeals.com/cheesy-chicken-and-mushroom-recipe/
side-dishes,https://healthyfitnessmeals.com/how-to-cut-green-onions/
side-dishes,https://healthyfitnessmeals.com/how-to-cook-rice-on-stove/
desserts,https://healthyfitnessmeals.com/vegan-chocolate-fudge/
side-dishes,https://healthyfitnessmeals.com/vegan-chili-recipe/
snacks,https://healthyfitnessmeals.com/how-to-make-almond-butter/
snacks,https://healthyfitnessmeals.com/grape-salad-recipe/
main-courses,https://healthyfitnessmeals.com/broccoli-chicken-pasta-casserole/
desserts,https://healthyfitnessmeals.com/easy-apple-muffins/
main-courses,https://healthyfitnessmeals.com/greek-chicken-bake/
side-dishes,https://healthyfitnessmeals.com/garlic-roasted-broccolini/
main-courses,https://healthyfitnessmeals.com/chicken-arugula-salad/
desserts,https://healthyfitnessmeals.com/flourless-chocolate-muffins/
side-dishes,https://healthyfitnessmeals.com/creamy-garlic-mushrooms/
snacks,https://healthyfitnessmeals.com/baked-avocado-fries/
main-courses,https://healthyfitnessmeals.com/air-fryer-boneless-chicken-breast/
side-dishes,https://healthyfitnessmeals.com/mashed-sweet-potatoes/
desserts,https://healthyfitnessmeals.com/mocha-protein-shake/
main-courses,https://healthyfitnessmeals.com/how-to-cut-green-onions/
main-courses,https://healthyfitnessmeals.com/sweet-potato-breakfast-skillet-recipe/
desserts,https://healthyfitnessmeals.com/chocolate-zucchini-cake/
desserts,https://healthyfitnessmeals.com/raspberry-almond-butter-cups/
main-courses,https://healthyfitnessmeals.com/easy-honey-garlic-chicken/
side-dishes,https://healthyfitnessmeals.com/chicken-pesto-pasta-salad/
main-courses,https://healthyfitnessmeals.com/mexican-stuffed-sweet-potatoes/
side-dishes,https://healthyfitnessmeals.com/easy-fruit-salad-recipe/
main-courses,https://healthyfitnessmeals.com/grilled-steak-with-pineapple-salsa-recipe/
side-dishes,https://healthyfitnessmeals.com/roasted-pumpkin-soup-recipe/
side-dishes,https://healthyfitnessmeals.com/baked-jalapeno-poppers/
snacks,https://healthyfitnessmeals.com/white-chocolate-cranberry-granola/
main-courses,https://healthyfitnessmeals.com/baked-buffalo-chicken-breast/
main-courses,https://healthyfitnessmeals.com/cheese-stuffed-chicken/
side-dishes,https://healthyfitnessmeals.com/mediterranean-chickpea-salad/
side-dishes,https://healthyfitnessmeals.com/wild-rice-pilaf-stuffing/
main-courses,https://healthyfitnessmeals.com/chicken-enchilada-casserole/
side-dishes,https://healthyfitnessmeals.com/mexican-shrimp-cocktail-recipe/
main-courses,https://healthyfitnessmeals.com/spice-crusted-salmon-with-avocado-salsa/
side-dishes,https://healthyfitnessmeals.com/homemade-ranch-dressing/
main-courses,https://healthyfitnessmeals.com/bbq-shrimp/
desserts,https://healthyfitnessmeals.com/flourless-peanut-butter-banana-muffins/
side-dishes,https://healthyfitnessmeals.com/sweet-potato-wedges/
main-courses,https://healthyfitnessmeals.com/taco-griled-chicken-bowl/
side-dishes,https://healthyfitnessmeals.com/asian-cucumber-salad/
side-dishes,https://healthyfitnessmeals.com/easy-cheese-fondue/
main-courses,https://healthyfitnessmeals.com/parmesan-cauliflower-tacos/
snacks,https://healthyfitnessmeals.com/keto-pecan-brittles-recipe/
main-courses,https://healthyfitnessmeals.com/miso-glazed-salmon/
side-dishes,https://healthyfitnessmeals.com/crispy-baked-greek-potato-wedges/
side-dishes,https://healthyfitnessmeals.com/homemade-roasted-tomato-soup/
main-courses,https://healthyfitnessmeals.com/creamy-dijon-mustard-chicken/
main-courses,https://healthyfitnessmeals.com/keto-turkey-stuffed-peppers/
main-courses,https://healthyfitnessmeals.com/roasted-pumpkin-soup-recipe/
side-dishes,https://healthyfitnessmeals.com/maple-roasted-butternut-squash/
desserts,https://healthyfitnessmeals.com/banana-oatmeal-chocolate-chip-muffins/
snacks,https://healthyfitnessmeals.com/no-bake-paleo-pumpkin-chocolate-truffles/
main-courses,https://healthyfitnessmeals.com/honey-garlic-salmon-recipe/
side-dishes,https://healthyfitnessmeals.com/spinach-apple-pecan-salad/
desserts,https://healthyfitnessmeals.com/keto-chocolate-chip-cookies/
desserts,https://healthyfitnessmeals.com/oatmeal-breakfast-bars/
side-dishes,https://healthyfitnessmeals.com/creamy-chicken-noodle-soup/
main-courses,https://healthyfitnessmeals.com/mexican-shrimp-cocktail-recipe/
desserts,https://healthyfitnessmeals.com/easy-apple-crumble/
desserts,https://healthyfitnessmeals.com/double-chocolate-protein-pudding/
side-dishes,https://healthyfitnessmeals.com/loaded-harvest-quinoa-salad/
main-courses,https://healthyfitnessmeals.com/santa-fe-grilled-chicken-salad/
desserts,https://healthyfitnessmeals.com/healthy-zucchini-brownies/
desserts,https://healthyfitnessmeals.com/berry-frozen-yogurt/
side-dishes,https://healthyfitnessmeals.com/zucchini-corn-salad/
main-courses,https://healthyfitnessmeals.com/chicken-florentine/
side-dishes,https://healthyfitnessmeals.com/brussels-sprouts-salad/
side-dishes,https://healthyfitnessmeals.com/street-corn-salad/
side-dishes,https://healthyfitnessmeals.com/easy-zucchini-fritters-recipe/
main-courses,https://healthyfitnessmeals.com/roasted-chicken-with-maple-sweet-potatoes-and-apples-recipe/
desserts,https://healthyfitnessmeals.com/keto-pecan-brittles-recipe/
snacks,https://healthyfitnessmeals.com/baked-sweet-potato-fries/
main-courses,https://healthyfitnessmeals.com/oven-baked-chicken-wings/
main-courses,https://healthyfitnessmeals.com/spinach-apple-pecan-salad/
desserts,https://healthyfitnessmeals.com/cheesecake-stuffed-strawberries/
main-courses,https://healthyfitnessmeals.com/honey-mustard-chicken/
main-courses,https://healthyfitnessmeals.com/chicken-chopped-salad/
desserts,https://healthyfitnessmeals.com/double-chocolate-banana-bread/
desserts,https://healthyfitnessmeals.com/no-bake-paleo-pumpkin-chocolate-truffles/
snacks,https://healthyfitnessmeals.com/how-to-make-the-best-cheese-board/
main-courses,https://healthyfitnessmeals.com/garlic-shrimp-risotto-recipe/
main-courses,https://healthyfitnessmeals.com/chicken-fricassee/
main-courses,https://healthyfitnessmeals.com/hibachi-chicken-bowls/
main-courses,https://healthyfitnessmeals.com/creamy-coconut-chicken-skillet/
snacks,https://healthyfitnessmeals.com/banana-bread-overnight-oats/
main-courses,https://healthyfitnessmeals.com/shrimp-quesadilla-recipe/
main-courses,https://healthyfitnessmeals.com/oven-roasted-chicken-breast/
side-dishes,https://healthyfitnessmeals.com/baked-potato-wedges/
main-courses,https://healthyfitnessmeals.com/greek-quinoa-bowls/
side-dishes,https://healthyfitnessmeals.com/easy-crab-corn-tomato-salad/
snacks,https://healthyfitnessmeals.com/no-bake-oatmeal-cookies/
side-dishes,https://healthyfitnessmeals.com/caprese-pasta-salad/
main-courses,https://healthyfitnessmeals.com/oven-baked-tilapia-recipe/
side-dishes,https://healthyfitnessmeals.com/honey-roasted-butternut-squash/
desserts,https://healthyfitnessmeals.com/chocolate-peppermint-crinkle-cookies/
snacks,https://healthyfitnessmeals.com/buffalo-chicken-dip/
main-courses,https://healthyfitnessmeals.com/grilled-lemon-chicken-skewers/
snacks,https://healthyfitnessmeals.com/work-with-me/
main-courses,https://healthyfitnessmeals.com/crockpot-lentil-mushroom-soup/
snacks,https://healthyfitnessmeals.com/no-bake-cheesecake/
desserts,https://healthyfitnessmeals.com/easy-protein-brownies/
main-courses,https://healthyfitnessmeals.com/chicken-and-pasta-recipe/
side-dishes,https://healthyfitnessmeals.com/parmesan-brussel-sprouts/
side-dishes,https://healthyfitnessmeals.com/vegan-cabbage-soup/
side-dishes,https://healthyfitnessmeals.com/easy-classic-macaroni-salad/
side-dishes,https://healthyfitnessmeals.com/healthy-mexican-street-corn/
main-courses,https://healthyfitnessmeals.com/chicken-noodle-soup-recipe/
side-dishes,https://healthyfitnessmeals.com/healthy-potato-salad/
main-courses,https://healthyfitnessmeals.com/chicken-orzo-soup/
main-courses,https://healthyfitnessmeals.com/cilantro-lime-pasta-salad-recipe/
main-courses,https://healthyfitnessmeals.com/easy-homemade-meatloaf/
desserts,https://healthyfitnessmeals.com/oatmeal-chocolate-chip-cookies/
main-courses,https://healthyfitnessmeals.com/chicken-lo-mein-recipe/
main-courses,https://healthyfitnessmeals.com/healthy-shrimp-scampi/
side-dishes,https://healthyfitnessmeals.com/easy-greek-chicken-lettuce-wraps/
main-courses,https://healthyfitnessmeals.com/chicken-fettuccine-alfredo/
main-courses,https://healthyfitnessmeals.com/beef-shawarma/
main-courses,https://healthyfitnessmeals.com/lemon-chicken-breast-recipe/
drinks,https://healthyfitnessmeals.com/work-with-me/
desserts,https://healthyfitnessmeals.com/no-bake-keto-cheesecake/
side-dishes,https://healthyfitnessmeals.com/chickpea-tuna-salad/
snacks,https://healthyfitnessmeals.com/blueberry-zucchini-bread/
main-courses,https://healthyfitnessmeals.com/slow-cooker-beef-stew/
snacks,https://healthyfitnessmeals.com/how-to-make-croutons/
main-courses,https://healthyfitnessmeals.com/fajita-stuffed-chicken-breast/
main-courses,https://healthyfitnessmeals.com/chicken-scampi/
desserts,https://healthyfitnessmeals.com/no-bake-oatmeal-cookies/
side-dishes,https://healthyfitnessmeals.com/grape-salad-recipe/
side-dishes,https://healthyfitnessmeals.com/easy-avocado-hummus/
desserts,https://healthyfitnessmeals.com/brown-butter-gingerbread-madeleines/
side-dishes,https://healthyfitnessmeals.com/easy-stuffed-mushroom/
main-courses,https://healthyfitnessmeals.com/greek-baked-chicken-breast/
desserts,https://healthyfitnessmeals.com/work-with-me/
side-dishes,https://healthyfitnessmeals.com/baked-avocado-fries/
snacks,https://healthyfitnessmeals.com/blueberry-banana-smoothie/
main-courses,https://healthyfitnessmeals.com/shrimp-and-broccoli-stir-fry/
side-dishes,https://healthyfitnessmeals.com/chicken-gnocchi-soup/
side-dishes,https://healthyfitnessmeals.com/homemade-dinner-rolls/
main-courses,https://healthyfitnessmeals.com/lemon-shrimp-pasta-recipe/
side-dishes,https://healthyfitnessmeals.com/cucumber-onion-salad-recipe/
snacks,https://healthyfitnessmeals.com/papaya-breakfast-boats/
snacks,https://healthyfitnessmeals.com/easy-cheese-fondue/
drinks,https://healthyfitnessmeals.com/whipped-coffee-recipe/
desserts,https://healthyfitnessmeals.com/no-bake-cheesecake/
side-dishes,https://healthyfitnessmeals.com/zucchini-broccoli-soup/
desserts,https://healthyfitnessmeals.com/keto-cinnamon-rolls/
main-courses,https://healthyfitnessmeals.com/turkey-lemon-rice-soup/
main-courses,https://healthyfitnessmeals.com/easy-chicken-cacciatore/
side-dishes,https://healthyfitnessmeals.com/garlic-roasted-mushrooms-recipe/
main-courses,https://healthyfitnessmeals.com/cajun-shrimp-pasta/
main-courses,https://healthyfitnessmeals.com/baked-parmesan-crusted-chicken/
main-courses,https://healthyfitnessmeals.com/chicken-fajitas/
main-courses,https://healthyfitnessmeals.com/easy-chicken-milanese/
desserts,https://healthyfitnessmeals.com/berry-coconut-smoothie-bowl/
side-dishes,https://healthyfitnessmeals.com/greek-orzo-salad/
desserts,https://healthyfitnessmeals.com/healthy-oatmeal-chocolate-chip-banana-bread/
drinks,https://healthyfitnessmeals.com/berry-smoothie-bowl/
main-courses,https://healthyfitnessmeals.com/chicken-salad-sandwich/
side-dishes,https://healthyfitnessmeals.com/butternut-squash-mushroom-risotto/
side-dishes,https://healthyfitnessmeals.com/baked-candied-sweet-potatoes/
main-courses,https://healthyfitnessmeals.com/taco-stuffed-zucchini-boats/
side-dishes,https://healthyfitnessmeals.com/chicken-vegetable-soup/
desserts,https://healthyfitnessmeals.com/blueberry-zucchini-bread/
main-courses,https://healthyfitnessmeals.com/crispy-baked-chicken-cutlets/
drinks,https://healthyfitnessmeals.com/peanut-butter-smoothie-bowl/
side-dishes,https://healthyfitnessmeals.com/sugar-free-cranberry-sauce/
main-courses,https://healthyfitnessmeals.com/garlic-roasted-mushrooms-recipe/
main-courses,https://healthyfitnessmeals.com/grilled-buffalo-chicken-salad/
snacks,https://healthyfitnessmeals.com/homemade-oatmeal-granola-bars/
main-courses,https://healthyfitnessmeals.com/grilled-chicken-sandwich/
main-courses,https://healthyfitnessmeals.com/greek-quinoa-salad-bowl/
main-courses,https://healthyfitnessmeals.com/easy-teriyaki-shrimp/
main-courses,https://healthyfitnessmeals.com/mediterranean-chicken-salad/
main-courses,https://healthyfitnessmeals.com/hasselback-butternut-squash/
side-dishes,https://healthyfitnessmeals.com/roasted-garlic-green-beans/
main-courses,https://healthyfitnessmeals.com/roasted-chickpea-avocado-salad/
desserts,https://healthyfitnessmeals.com/papaya-breakfast-boats/
side-dishes,https://healthyfitnessmeals.com/easy-vegan-mac-and-cheese/
side-dishes,https://healthyfitnessmeals.com/buffalo-chicken-meatballs/
side-dishes,https://healthyfitnessmeals.com/crispy-parmesan-roasted-potatoes/
snacks,https://healthyfitnessmeals.com/strawberry-parfaits-recipe/
main-courses,https://healthyfitnessmeals.com/butternut-squash-mushroom-risotto/
main-courses,https://healthyfitnessmeals.com/baked-chicken-drumstick-recipe/
side-dishes,https://healthyfitnessmeals.com/easy-homemade-hummus/
snacks,https://healthyfitnessmeals.com/lemon-blueberry-muffins/
main-courses,https://healthyfitnessmeals.com/buffalo-chicken-stuffed-peppers/
main-courses,https://healthyfitnessmeals.com/cilantro-lime-chicken-and-rice-recipe/
side-dishes,https://healthyfitnessmeals.com/sausage-white-bean-soup/
side-dishes,https://healthyfitnessmeals.com/southwest-pasta-salad/
desserts,https://healthyfitnessmeals.com/chocolate-chia-pudding/
main-courses,https://healthyfitnessmeals.com/avocado-corn-salad/
snacks,https://healthyfitnessmeals.com/cheesy-baked-broccoli/
main-courses,https://healthyfitnessmeals.com/creamy-spinach-parmesan-chicken-skillet/
main-courses,https://healthyfitnessmeals.com/garlic-shrimp-in-creamy-mushroom-sauce/
main-courses,https://healthyfitnessmeals.com/beef-and-broccoli-stir-fry/
side-dishes,https://healthyfitnessmeals.com/homemade-tomato-rice-soup/
snacks,https://healthyfitnessmeals.com/vegan-gingerbread-men-cookies-recipe/
main-courses,https://healthyfitnessmeals.com/spinach-and-mushroom-pasta/
main-courses,https://healthyfitnessmeals.com/grilled-avocado-chicken-salad/
side-dishes,https://healthyfitnessmeals.com/vegetarian-pasta-salad/
main-courses,https://healthyfitnessmeals.com/creamy-chicken-gnocchi-soup/
main-courses,https://healthyfitnessmeals.com/crispy-parmesan-roasted-potatoes/
side-dishes,https://healthyfitnessmeals.com/baked-sweet-potato-fries/
main-courses,https://healthyfitnessmeals.com/easy-chili-chicken-tortilla-soup-recipe/
side-dishes,https://healthyfitnessmeals.com/air-fryer-cauliflower-wings/
drinks,https://healthyfitnessmeals.com/tropical-smoothie-recipe/
desserts,https://healthyfitnessmeals.com/homemade-oatmeal-granola-bars/
side-dishes,https://healthyfitnessmeals.com/instant-pot-sweet-potatoes/
desserts,https://healthyfitnessmeals.com/fruit-bake-dessert/
main-courses,https://healthyfitnessmeals.com/chicken-broccoli-rice-casserole/
desserts,https://healthyfitnessmeals.com/healthy-oatmeal-raisin-cookies/
main-courses,https://healthyfitnessmeals.com/blackened-salmon/
main-courses,https://healthyfitnessmeals.com/ground-turkey-meatloaf/
main-courses,https://healthyfitnessmeals.com/chinese-chicken-salad-recipe/
side-dishes,https://healthyfitnessmeals.com/chicken-mushroom-soup/
main-courses,https://healthyfitnessmeals.com/creamy-vegetarian-tortilla-soup/
main-courses,https://healthyfitnessmeals.com/mongolian-chicken/
side-dishes,https://healthyfitnessmeals.com/roasted-broccoli-and-cauliflower/
side-dishes,https://healthyfitnessmeals.com/homemade-jalapeno-skillet-cornbread/
desserts,https://healthyfitnessmeals.com/lemon-blueberry-muffins/
desserts,https://healthyfitnessmeals.com/healthy-pumpkin-chia-muffins/
side-dishes,https://healthyfitnessmeals.com/keto-cauliflower-mac-n-cheese/
main-courses,https://healthyfitnessmeals.com/lemon-chicken-pasta-recipe/
side-dishes,https://healthyfitnessmeals.com/air-fryer-homemade-onion-rings/
desserts,https://healthyfitnessmeals.com/almond-butter-fudge/
side-dishes,https://healthyfitnessmeals.com/easy-avocado-chicken-salad/
main-courses,https://healthyfitnessmeals.com/easy-shrimp-fried-rice/
side-dishes,https://healthyfitnessmeals.com/roasted-garlic-cauliflower/
desserts,https://healthyfitnessmeals.com/chocolate-chia-protein-pudding/
desserts,https://healthyfitnessmeals.com/vegan-gingerbread-men-cookies-recipe/
side-dishes,https://healthyfitnessmeals.com/work-with-me/
main-courses,https://healthyfitnessmeals.com/asian-chili-chicken-breast/
main-courses,https://healthyfitnessmeals.com/cilantro-lime-grilled-chicken-salad/
side-dishes,https://healthyfitnessmeals.com/garlic-roasted-potatoes/
desserts,https://healthyfitnessmeals.com/no-bake-blueberry-cheesecake/
side-dishes,https://healthyfitnessmeals.com/cheesy-cauliflower-bake/
side-dishes,https://healthyfitnessmeals.com/buffalo-chicken-salad/
snacks,https://healthyfitnessmeals.com/healthy-protein-brownies-recipe/
desserts,https://healthyfitnessmeals.com/healthy-double-chocolate-brownies/
main-courses,https://healthyfitnessmeals.com/tuscan-chicken-pasta/
main-courses,https://healthyfitnessmeals.com/pan-fried-chicken-breast/
side-dishes,https://healthyfitnessmeals.com/cowboy-caviar/
main-courses,https://healthyfitnessmeals.com/honey-mustard-shrimp/
snacks,https://healthyfitnessmeals.com/chickpea-avocado-sandwich/
main-courses,https://healthyfitnessmeals.com/creamy-honey-mustard-chicken/
main-courses,https://healthyfitnessmeals.com/grilled-chicken-margherita/
desserts,https://healthyfitnessmeals.com/healthy-pumpkin-cookie-skillet/
main-courses,https://healthyfitnessmeals.com/pan-seared-salmon-recipe/
main-courses,https://healthyfitnessmeals.com/southwest-chicken-salad/
side-dishes,https://healthyfitnessmeals.com/beef-and-barley-soup/
side-dishes,https://healthyfitnessmeals.com/creamed-peas-recipe/
snacks,https://healthyfitnessmeals.com/healthy-zucchini-brownies/
snacks,https://healthyfitnessmeals.com/energy-bites/
side-dishes,https://healthyfitnessmeals.com/vegan-mashed-potatoes/
desserts,https://healthyfitnessmeals.com/healthy-cookie-dough-brownies/
main-courses,https://healthyfitnessmeals.com/pesto-chicken-recipe/
main-courses,https://healthyfitnessmeals.com/chicken-alfredo-zoodles/
desserts,https://healthyfitnessmeals.com/chia-seed-pudding-recipe/
desserts,https://healthyfitnessmeals.com/chocolate-peanut-butter-cookies/
desserts,https://healthyfitnessmeals.com/pumpkin-chia-pudding/
side-dishes,https://healthyfitnessmeals.com/how-to-make-croutons/
desserts,https://healthyfitnessmeals.com/greek-yogurt-skinny-cheesecakes/
side-dishes,https://healthyfitnessmeals.com/vegetable-stir-fry/
desserts,https://healthyfitnessmeals.com/healthy-protein-brownies-recipe/
snacks,https://healthyfitnessmeals.com/creamy-chicken-enchilada-soup/
main-courses,https://healthyfitnessmeals.com/honey-garlic-chicken-breast/
side-dishes,https://healthyfitnessmeals.com/easy-marinated-tomatoes/
main-courses,https://healthyfitnessmeals.com/huli-huli-chicken/
main-courses,https://healthyfitnessmeals.com/cajun-shrimp-recipe/
main-courses,https://healthyfitnessmeals.com/italian-wedding-soup/
main-courses,https://healthyfitnessmeals.com/shrimp-tacos-with-pineapple-salsa-recipe/
snacks,https://healthyfitnessmeals.com/baked-avocado-egg/
main-courses,https://healthyfitnessmeals.com/beef-and-barley-soup/
snacks,https://healthyfitnessmeals.com/vegan-strawberry-popsicles/
